SMILES,Canc
Oc4ccc1cc(cc(c1c4(N=Nc2ccc(c3ccccc23)S(=O)(=O)O))S(=O)(=O)O)S(=O)(=O)O,noncarcinogen
Nc1ccccc1(N),carcinogen
[Ba+2].[Cl-].[Cl-],noncarcinogen
Oc4c(cc1cc(ccc1c4(N=Nc2ccc(c3ccccc23)S(=O)(=O)[O-]))S(=O)(=O)[O-])S(=O)(=O)[O-],carcinogen
CC=NN(C)C=O,carcinogen
Nc2ccc(N=Nc1ccccc1)c(N)n2,carcinogen
CCN(CC)C(S)=S,noncarcinogen
Cc3cc(C)c(N=Nc1cc(c2ccccc2(c1(O)))S(=O)(=O)[O-])c(c3)S(=O)(=O)[O-],carcinogen
O=[N+]([O-])c3ccc(Nc2ccc(Nc1ccccc1)c(c2)S(=O)(=O)[O-])c(c3)[N+](=O)[O-],carcinogen
C=CCNN,carcinogen
CCN(Cc1cccc(c1)S(O)(=O)=O)c2ccc(cc2)C(c3ccc(cc3)N(C)C)=C4C=CC(C=C4)=[N+](CC)Cc5cccc(c5)S(=O)(=O)[O-],carcinogen
[O-]c1ccccc1c2ccccc2,carcinogen
NNC(N)=O,carcinogen
CC(=O)Nc4ccc(c5cc(c(N=Nc2ccc(N=Nc1ccc(cc1)S(=O)(=O)O)c3ccc(cc23)S(=O)(=O)O)c(O)c45)S(=O)(=O)O)S(=O)(=O)O,noncarcinogen
c1ccc(cc1)C4=NC=C2NN=CN2c3ccc(cc34)Cl,noncarcinogen
Oc1c(cc(c2ccccc12)S(=O)(=O)[O-])N=Nc3ccc(c4ccccc34)S(=O)(=O)[O-],noncarcinogen
CNN,carcinogen
CNNCc1ccc(cc1)C(=O)NC(C)C,carcinogen
Oc3ccc1cc(cc(c1c3(N=Nc2ccccc2))S(=O)(=O)[O-])S(=O)(=O)[O-],noncarcinogen
O=S(=O)(O)NC1CCCCC1,carcinogen
CNC(NC#N)=NCCSCc1nc[nH]c1(C),noncarcinogen
Nc1ccc(N)cc1,noncarcinogen
O=CN1CN2CN(C1)CN(C2)N=O,noncarcinogen
CC(=O)NNC(=O)c1ccncc1,carcinogen
CCN(Cc1cccc(c1)S(=O)(=O)O)c2ccc(cc2)C(=C3C=CC(C=C3)=[N+](CC)Cc4cccc(c4)S(=O)(=O)[O-])c5ccc(O)cc5S(=O)(=O)O,noncarcinogen
CN(C)c1ccc(cc1)N=NS(=O)(=O)[O-],noncarcinogen
Nc1ccc(N)c(c1)Cl,noncarcinogen
CC(=O)O[Pb-]OC(C)=O,carcinogen
Cc1ccc(N)cc1,carcinogen
Nc1ccc2c3ccccc3([nH]c2(n1)),carcinogen
Oc3ccc1cc(ccc1c3(N=Nc2ccc(cc2)S(=O)(=O)[O-]))S(=O)(=O)[O-],noncarcinogen
CCN(Cc1cccc(c1)S(=O)(=O)O)c2ccc(cc2)C(=C3C=CC(C=C3)=[N+](CC)Cc4cccc(c4)S(=O)(=O)[O-])c5ccccc5S(=O)(=O)O,noncarcinogen
NNCCc1ccccc1,carcinogen
c1cc(c(cc1c2ccc(c(c2Cl)Cl)Cl)Cl)Cl,carcinogen
CNNC,carcinogen
CC(=O)NNc1ccc(CO)cc1,carcinogen
Cc1cc(C)c(N)c(C)c1,carcinogen
c1[nH]c2ncnc(c2(n1))S,noncarcinogen
CCN(Cc1cccc(c1)S(=O)(=O)[O-])c2ccc(cc2)C(=C3C=CC(C=C3)=[N+](CC)Cc4cccc(c4)S(=O)(=O)[O-])c5ccc(cc5)S(=O)(=O)[O-],carcinogen
COC(=O)C(c1ccccc1)C2CCCCN2,carcinogen
CN3C1CC(CC3(C2OC12))OC(=O)C(CO)c4ccccc4,noncarcinogen
Cc1ccc(cc1)S(=O)(=O)Oc2ccc(cc2)N=Nc3ccc(cc3(C))c6ccc(N=Nc5c(O)ccc4cc(cc(c45)S(=O)(=O)[O-])S(=O)(=O)[O-])c(C)c6,carcinogen
CCCCC(CC)COS(=O)(=O)[O-],carcinogen
Nc1ccc(cc1)C(c2ccc(N)cc2)=C3C=CC(=[N+])C=C3,carcinogen
Nc1ccccc1,carcinogen
Cc3ccc(N=Nc2c(O)c(cc1cc(ccc12)S(=O)(=O)[O-])S(=O)(=O)[O-])c(C)c3,carcinogen
Nc2ccc(C=Cc1ccc(N)cc1S(=O)(=O)[O-])c(c2)S(=O)(=O)[O-],noncarcinogen
NCCNc2cccc1ccccc12,noncarcinogen
O=C([O-])c1cc(ccc1(O))N=Nc2ccc(cc2)c3ccc(cc3)N=Nc7c(O)ccc4c7(O[Cu]5Oc6ccc(cc6(N=[N+]45))S(=O)(=O)[O-]),carcinogen
Nc1ccc(O)c(N)c1,carcinogen
[N-]=[N+]=[N-],noncarcinogen
CCN(Cc1cccc(c1)S(=O)(=O)[O-])c2ccc(cc2)C(c3ccccc3)=C4C=CC(C=C4)=[N+](CC)Cc5cccc(c5)S(=O)(=O)[O-],carcinogen
CC(O)C(O)=O,noncarcinogen
CC(C)(C)CC(C)(C)c1ccc(cc1)OCCOCC[N+](C)(C)Cc2ccccc2,noncarcinogen
Oc4ccc1ccccc1c4(N=Nc3ccc2ccccc2c3S(O)(=O)=O),noncarcinogen
CN(C)C2C(O)=C(C(N)=O)C(=O)C3(O)(C(O)=C4C(=O)c1c(O)cccc1C(C)(O)C4(CC23)),noncarcinogen
Nc5cc(cc6cc(c(N=Nc1ccc(cc1)c2ccc(cc2)N=Nc3c(O)c4c(N)cc(cc4(cc3S(=O)(=O)[O-]))S(=O)(=O)[O-])c(O)c56)S(=O)(=O)[O-])S(=O)(=O)[O-],carcinogen
Cc1cccc(N)c1,carcinogen
COc1ccc(cc1)CN(CCN(C)C)c2ccccn2,noncarcinogen
Cc1c(N)cccc1(N),noncarcinogen
Nc6ccc(N=Nc1ccc(cc1)c2ccc(cc2)N=Nc4c(N)c5c(O)c(N=Nc3ccccc3)c(cc5(cc4S(=O)(=O)[O-]))S(=O)(=O)[O-])c(N)c6,carcinogen
CN(C)CCN(Cc1cccs1)c2ccccn2,carcinogen
CN(C)CCC(c1ccc(cc1)Cl)c2ccccn2,noncarcinogen
CC(C)NCC(O)COc2cccc1ccccc12,noncarcinogen
OC[P+](CO)(CO)CO,noncarcinogen
CN(C)CCOC(C)(c1ccccc1)c2ccccn2,carcinogen
Cc1cc(C)c(cc1(C))N=Nc3c(O)c(cc2cc(ccc23)S(=O)(=O)[O-])S(=O)(=O)[O-],carcinogen
O=C([O-])CN(CCN(CC(=O)[O-])CC(=O)[O-])CC(=O)[O-],noncarcinogen
Cc1ccccc1(N),carcinogen
CCC1(C(=O)N=C([O-])NC1(=O))c2ccccc2,carcinogen
COC(=O)C1=CCCN(C)C1,carcinogen
Cc1cccc(C)c1.Cc1ccc(C)cc1.Cc1ccccc1(C).CCc1ccccc1,noncarcinogen
N#CN=[Ca],noncarcinogen
COc1ccccc1(N),carcinogen
O=N[O-],carcinogen
CC(N)Cc1ccccc1.CC(N)Cc1ccccc1,noncarcinogen
Nc5cc(cc6cc(c(N=Nc1ccc(cc1(O))c4ccc(N=Nc2c(O)c3c(N)cc(cc3(cc2S(=O)(=O)[O-]))S(=O)(=O)[O-])c(O)[c-]4)c(O)c56)S(=O)(=O)[O-])S(=O)(=O)[O-],carcinogen
Cc1cc(ccc1(N))c2ccc(N)c(C)c2,carcinogen
Cc1cc(ccc1(N))C(=C2C=CC(=N)C=C2)c3ccc(N)cc3,noncarcinogen
c2c(c1cc(cc(c1Br)Br)Br)c(c(cc2Br)Br)Br,carcinogen
CC(CN3c1ccccc1Sc2ccccc23)N(C)C,noncarcinogen
CNCC(O)c1cccc(O)c1,noncarcinogen
NNCc1ccccc1,carcinogen
Nc1ccc(cc1(N))c2ccc(N)c(N)c2,carcinogen
NNc1ccccc1,carcinogen
O=C1[N-]S(=O)(=O)c2ccccc12,carcinogen
CN(C)c1ccc(cc1)C(c2ccc(cc2)N(C)C)=C3C=CC(C=C3)=[N+](C)C,carcinogen
COc3cc(ccc3(N=Nc1c(O)c2c(N)cc(cc2(cc1S(=O)(=O)[O-]))S(=O)(=O)[O-]))c6ccc(N=Nc4c(O)c5c(N)cc(cc5(cc4S(=O)(=O)[O-]))S(=O)(=O)[O-])c(c6)OC,carcinogen
NC(=O)C(=Cc1ccc(o1)[N+](=O)[O-])c2ccco2,carcinogen
NC(=N)NC(=N)NCCc1ccccc1,noncarcinogen
C2C1C(C(C(CCl)(C1(CCl)C(Cl)Cl)C2(Cl)Cl)Cl)Cl,carcinogen
Cc1cc(C)cc(c1)S(=O)(=O)[O-],noncarcinogen
Nc1ccc(cc1)Cc2ccc(N)cc2,carcinogen
COc1cc(ccc1(N))c2ccc(N)c(c2)OC,carcinogen
N#CS,noncarcinogen
CCNN,carcinogen
c2c(cc(c(c1c(cc(c(c1Cl)Cl)Cl)Cl)c2Cl)Cl)Cl,carcinogen
C=CCNNCC=C,carcinogen
OCCN3C(=O)C(O)N=C(c1ccccc1(F))c2ccccc23,noncarcinogen
C#CC3(O)(CCC2C4CCc1cc(O)ccc1C4(CCC23(C))).C#CC3(CCC2C4CCC1=CC(=O)CCC1C4(CCC23(C)))(OC(C)=O),carcinogen
Cc2nc(N)c(C)c3[nH]c1ccccc1c23,carcinogen
CCN(CC)CCCNC(=O)Cn3ncc(c1ccccc1)c3(c2ccccc2),noncarcinogen
CC(C)CC(NC(C)=O)C(=O)NC(CC(C)C)C(=O)NC(C=O)CCCNC(N)=[N+],carcinogen
OCC(O)C(O)C(O)C(C=O)NC(=O)N(CCCl)N=O,carcinogen
CCOC(=O)CC(C(=O)OCC)SP(=O)(OC)OC,noncarcinogen
O=NN1CCC=CC1,carcinogen
O=NN1CCC=C(C1)C(O)=O,carcinogen
C(CSCCCl)Cl,carcinogen
OC(=O)c1cc(ccc1[N+](=O)[O-])Oc2ccc(cc2Cl)C(F)(F)F,carcinogen
CN(C)CCN(CCN=O)C(N)=O,carcinogen
CC(O)CN(C)c1ccc(NN)nn1,noncarcinogen
OC(CBr)C(O)C(O)C(O)CBr,carcinogen
N=C1NCN(C(=O)N1)C2OC(CO)C(O)C2(O),noncarcinogen
C#CC3(O)(CCC2C4CCc1cc(ccc1C4(CCC23(C)))OC).C#CC3(O)(CCC2C4CCC=1CC(=O)CCC=1C4(CCC23(C))),carcinogen
C13(C4(C2(C5(C(C1(C2(Cl)Cl)Cl)(C3(C(C45Cl)(Cl)Cl)Cl)Cl)Cl)Cl)Cl)Cl,carcinogen
CCCNN,carcinogen
Nc1ccccc1c2ccccc2,carcinogen
CCCCCNN,carcinogen
CN(N=O)C=2C[N+](O)=C(c1ccccc1)c3cc(ccc3(N=2))Cl,noncarcinogen
O=C3OC(CN1CCOCC1)CN3(N=Cc2ccc(o2)[N+](=O)[O-]),carcinogen
CC(O)CN(C)C=O,carcinogen
CC1CCCCN1(N=O),carcinogen
CCC1NC(=O)C3C(C(CN3(C(=O)C(NC(=O)CC(NC(=O)C(CO)NC1(=O))c2ccccc2)C(C)O))Cl)Cl,carcinogen
CCCNN(C=O)CCC,carcinogen
CCOCCc1c(nc(N)[n+]2[nH]cnc12)c3ccccc3,carcinogen
Cc2cccc(Nc1cc(nc(n1)SCC(O)=O)Cl)c2(C),carcinogen
O=NCNc1ncnc2[nH]cnc12,carcinogen
[*]c1c([*])c([*])c(c([*])c1([*]))c2c([*])c([*])c([*])c([*])c2([*]),carcinogen
CN(N=O)C(=O)NC(CCCN)C(O)=O,carcinogen
CN4C1CCC4(CC(C1)NC(=O)c3cc(cc2CC(C)(C)Oc23)Cl),noncarcinogen
CCCCNN,carcinogen
Cc1cccc(c1(C))c2cc(nc(CC(NCCO)=S)n2)Cl,carcinogen
O=CC=C[O-],carcinogen
C=Cc1cccc(C)c1.C=Cc1ccc(C)cc1,noncarcinogen
Cc2nc(N)cc3[nH]c1ccccc1c23,carcinogen
CN3C=C(C(O)=O)C(=O)c2ccc(C=Cc1ccc(o1)[N+](=O)[O-])nc23,carcinogen
COc1ccc(N)c(c1)OC,noncarcinogen
CCCCNNCCCC,carcinogen
O=P([O-])([O-])[O-],noncarcinogen
NC(=O)N(CC(O)=O)N=O,carcinogen
Cc1ccc(cc1)S(=O)(=O)OCC(N)CN=O,carcinogen
CC(CN1CC(=O)NC(=O)C1)N2CC(=O)NC(=O)C2.CC(CN1CC(=O)NC(=O)C1)N2CC(=O)NC(=O)C2,carcinogen
CCCCCCCCCCCCNC(N)=N,noncarcinogen
Cc2ccccc2(OCC(O)CNCCN1C=C(C)C(=O)NC1(=O)),noncarcinogen
C=CC1=CC(C)(C)C(C)(OC(C)=O)C(=O)OCC2=CCN(C)CCC(OC1(=O))C2(=O),carcinogen
CN(C)C=Nc2nnc(C=Cc1ccc(o1)[N+](=O)[O-])o2,carcinogen
COc1ccc(cc1)C(=O)C(=CC(=O)[O-])Br,carcinogen
CC(=O)OC=CCc1ccc2COCc2(c1),carcinogen
Cc1cc3c(nc1(N))[nH]c2ccccc23,carcinogen
Nc1c(F)c(N)c(F)c(F)c1(F),carcinogen
Cn2c(N)nc1ncc(cc12)c3ccccc3,carcinogen
c3c2Oc1c(cc(c(c1Cl)Cl)Cl)Oc2c(c(c3Cl)Cl)Cl.c2c1Oc3cc(c(c(c3(Oc1c(c(c2Cl)Cl)Cl))Cl)Cl)Cl,carcinogen
NC3=Nc2c(ncn2(C1CC(O)C(CO)O1))C(N3)=S,carcinogen
C(CNC(=S)S)NC(=S)S,noncarcinogen
CC(C)(C)NCC(O)c1cc(O)cc(O)c1,carcinogen
Nc1cccc(N)c1,noncarcinogen
O=C1C=CNC(N1)=S,carcinogen
O=C(O)COc1ccc(cc1Cl)Cl,noncarcinogen
CCC3OC(=O)C(C)C(OC1CC(C)(OC)C(O)C(C)O1)C(C)C(OC2OC(C)CC(C2(O))N(C)C)C(C)(O)CC(C)C(=O)C(C)C(O)C3(C)(O),noncarcinogen
OB(O)O,noncarcinogen
C(=CCl)CCl,carcinogen
C=CCOCC1CO1,carcinogen
C(C(Cl)(Cl)Cl)(Cl)(Cl)Cl,carcinogen
O=C1C2CC=CCC2(C(=O)N1SC(C(Cl)Cl)(Cl)Cl),carcinogen
CC(C)Nc1nc(NC(C)C)nc(n1)Cl,noncarcinogen
CC(=O)NNc1ccccc1,carcinogen
CCOP(OCC)(Oc1ccc2C(C)=C(C(=O)Oc2(c1))Cl)=S,noncarcinogen
C(=C(Cl)Cl)Cl,carcinogen
Cc1c4ccccc4(c(C)c2c3ccccc3(ccc12)),carcinogen
CNc1ncnc2[nH]cnc12,noncarcinogen
CNC(=O)CSP(OC)(OC)=S,noncarcinogen
CCCCOCCOCCOCc1cc2OCOc2(cc1(CCC)),noncarcinogen
OCC(CBr)Br,carcinogen
Oc2ccc(cc2(Cc1ccccc1))Cl,carcinogen
CN(Cc1cnc2nc(N)nc(N)c2(n1))c3ccc(cc3)C(=O)NC(CCC(=O)O)C(=O)O,noncarcinogen
OCCN(CCO)CCO,carcinogen
Cc3ccccc3(OP(=O)(Oc1ccccc1(C))Oc2ccccc2(C)),noncarcinogen
Nc1ccc(cc1Cl)c2ccc(N)c(c2)Cl,carcinogen
Nc1ccc(cc1)c2ccc(N)cc2,carcinogen
CC(=O)Nc1ccc(cc1)N=Nc2cc(C)ccc2(O),carcinogen
OCCOCCOCCO,noncarcinogen
CCN(N=O)C(N)=O,carcinogen
CC(CCl)Cl,carcinogen
CC(=O)C(N=Nc1ccc(cc1Cl)c3ccc(N=NC(C(C)=O)C(=O)Nc2ccccc2)c(c3)Cl)C(=O)Nc4ccccc4,noncarcinogen
Oc1ccc(cc1Cl)Cl,noncarcinogen
O=C1NS(=O)(=O)c2ccccc12,carcinogen
CN3C(=O)CN=C(c1ccccc1)c2cc(ccc23)Cl,noncarcinogen
COc4cc2OC1OC=CC1c2c5OC(=O)C=3C(=O)CCC=3c45,carcinogen
CC1OC=C2C(O)=C(C(=O)O)C(=O)C(C)=C2(C1(C)),carcinogen
CC(COc1ccccc1)[N+](CCCl)Cc2ccccc2,carcinogen
Oc1ccccc1c2ccccc2,carcinogen
OCCCl,noncarcinogen
COc1ccc(cc1)C(c2ccc(cc2)OC)C(Cl)(Cl)Cl,noncarcinogen
C(I)(I)I,noncarcinogen
c1ccc2c(c1)nc(S)s2,carcinogen
Nc1c(cc(cc1Cl)Cl)Cl,carcinogen
O=S1OCC2C(CO1)C3(C(=C(C2(C3(Cl)Cl)Cl)Cl)Cl)Cl,noncarcinogen
Nc1ccc(N)c(c1)[N+](=O)[O-],carcinogen
CN2C(=O)c1nc[nH]c1N(C)C2(=O),noncarcinogen
O=[V](=O)O[V](=O)=O,carcinogen
Oc1c(cc(cc1Cl)Cl)Cl,carcinogen
O=C1C=CC(=O)C=C1,carcinogen
COS(C)(=O)=O,carcinogen
N#Cc1c(c(C#N)c(c(c1Cl)Cl)Cl)Cl,carcinogen
C#CC(C)(C)NC(=O)c1cc(cc(c1)Cl)Cl,carcinogen
OCCOCCO,noncarcinogen
C(C(Cl)(Cl)Cl)(Cl)Cl,carcinogen
O=[N+]([O-])c1ccc(c(c1)[N+](=O)[O-])Cl,noncarcinogen
Oc1cc(O)c2C(=O)C(O)=C(Oc2(c1))c3ccc(O)c(O)c3,carcinogen
Cl[Hg]Cl,carcinogen
COP(=O)(OC)OC=C(Cl)Cl,carcinogen
CCCN(CCC)c1c(cc(cc1[N+](=O)[O-])C(F)(F)F)[N+](=O)[O-],carcinogen
CC=1CC(=O)N(N=1)c2ccccc2,noncarcinogen
CCOc1ccc(cc1(N))NC(C)=O,carcinogen
NC(NNC=O)=S,noncarcinogen
CN(C)C(=S)SSC(N(C)C)=S,noncarcinogen
C=C(Cl)Cl,noncarcinogen
CN2CCCC2(c1cccnc1),noncarcinogen
CC2=C(C(=O)N(c1ccccc1)N2(C))N(C)C,noncarcinogen
Cc1ccc2C(=O)c3ccccc3(C(=O)c2(c1(N))),carcinogen
CC2=CC(=O)N(c1ccccc1)N2(C),carcinogen
O=[Mo](=O)=O,carcinogen
C(C(=C(Cl)Cl)Cl)(=C(Cl)Cl)Cl,carcinogen
O=C1C2CC=CCC2(C(=O)N1SC(Cl)(Cl)Cl),carcinogen
CNC(=O)ON=C(C(=O)N(C)C)SC,noncarcinogen
Oc1cccc(O)c1,noncarcinogen
CCSCC(N)C(=O)O,noncarcinogen
CCCC1=CC(=O)NC(N1)=S,carcinogen
OCCNCCO,carcinogen
C1CNC(N1)=S,carcinogen
CC=1CCC(CC=1)C(C)=C,carcinogen
Nc1c(cc(cc1Cl)[N+](=O)[O-])Cl,noncarcinogen
CC(O)CO,noncarcinogen
CCCCCCCCS(=O)C(C)Cc1ccc2OCOc2(c1),carcinogen
NC(=O)NN=Cc1ccc(o1)[N+](=O)[O-],carcinogen
Oc1ccc(O)cc1,carcinogen
Nc1cccc2c(N)cccc12,carcinogen
CC(=O)OC(OC(C)=O)c1ccc(o1)[N+](=O)[O-],noncarcinogen
Cc3ccc(N=Nc2c(O)ccc1ccccc12)c(c3)[N+](=O)[O-],carcinogen
Nc1ccc(cc1)Sc2ccc(N)cc2,carcinogen
Nc1cc(c(N)c(c1)Cl)Cl,carcinogen
NC(COC(=O)C=[N+]=[N-])C(O)=O,carcinogen
O[Sn](c1ccccc1)(c2ccccc2)c3ccccc3,noncarcinogen
OCC(NC(=O)C(Cl)Cl)C(O)c1ccc(cc1)[N+](=O)[O-],noncarcinogen
OCC(O)C1OC(=O)C(O)=C1(O),noncarcinogen
Cn2cnc1c2(C(=O)N(C)C(=O)N1(C)),noncarcinogen
COC1=NN(CSP(OC)(OC)=S)C(=O)S1,carcinogen
CN1C=CNC1=S,carcinogen
COc2cc(OC)c(c3OC1(C(C)CC(=O)C=C1(OC))(C(=O)c23))Cl,carcinogen
O=C(Nc1ccc3c(c1)Cc2ccccc23)C(F)(F)F,carcinogen
CCOC(=O)C=C,carcinogen
O=C1NC=C(F)C(=O)N1,carcinogen
c1ccncc1,carcinogen
C(C(CCl)Cl)Cl,carcinogen
CNC(=O)ON=CC(C)(C)SC,noncarcinogen
O=[N+]([O-])c1ccccc1,carcinogen
O=C1NC(=O)C(N1)(c2ccccc2)c3ccccc3,carcinogen
[*]CC1OC(O[*])C(OS(=O)(O)=O)C(OS(O)(=O)=O)C1(OS(=O)(O)=O),carcinogen
CC(Oc1ccc(cc1Cl)Cl)C(=O)O,noncarcinogen
O=Cc1ccccc1,carcinogen
C(=C(Cl)Cl)(Cl)Cl,carcinogen
CC23(CCC1c4ccc(O)cc4(CCC1C3(CCC2(O)))),carcinogen
Oc1ccccc1,noncarcinogen
C=CCOC(=O)CC(C)C,carcinogen
Cc1ccc(N)c(C)c1,carcinogen
CN(C)N=Nc1[nH]cnc1(C(N)=O),carcinogen
CCCCC(CC)COC(=O)c1ccccc1(C(=O)OCC(CC)CCCC),carcinogen
C(C(Cl)Cl)Cl,carcinogen
Nc1ccc(cc1)Nc2ccccc2,noncarcinogen
CC(N)=O,carcinogen
COC1C=COC4(C)(Oc5c(C)c(O)c3c(O)c(NC(=O)C(C)=CC=CC(C)C(O)C(C)C(O)C(C)C(OC(C)=O)C1(C))c(C=NN2CCN(C)CC2)c(O)c3c5(C4(=O))),carcinogen
CC(=O)C1C(=O)C=C(C)OC1(=O),noncarcinogen
ON=C1C=CC(C=C1)=NO,carcinogen
CC1=CN(C(=O)NC1(=O))C2CC(N=[N+]=[N-])C(CO)O2,carcinogen
C=CC#N,carcinogen
CN(N=O)C(=N)N[N+](=O)[O-],carcinogen
C=CCc1ccc(cc1)OC,carcinogen
OCC(O)C1OC(=O)C(O)=C1(O),noncarcinogen
C(=CCCl)CCl,carcinogen
OC(c1ccc(cc1)Cl)(c2ccc(cc2)Cl)C(Cl)(Cl)Cl,carcinogen
O=C1CCc2ccccc2(O1),carcinogen
C(C(Cl)Cl)(Cl)Cl,carcinogen
CCOP(OCC)(Oc1cc(C)nc(n1)C(C)C)=S,noncarcinogen
C1(C(C(C(C(C1Cl)Cl)Cl)Cl)Cl)Cl,carcinogen
CCCC[Sn](CCCC)(OC(C)=O)OC(C)=O,noncarcinogen
CCNc1nc(NCC)nc(n1)Cl,noncarcinogen
C1CC3OC3(CC1C2CO2),carcinogen
CCNc1nc(NC(C)C)nc(n1)Cl,carcinogen
Cc5cc(O)c6C(=O)C7=C(O)C2C(O)C8C3C(O)C(C(O)=C1C(=O)c4c(O)cc(C)c(O)c4(C(=O)C123))C78(C(=O)c6(c5(O))),carcinogen
CC24(CCC(=O)C=C4(CCC1C3CCC(O)(C(=O)CO)C3(C)(CC(O)C12))),noncarcinogen
c1ccc(c(c1)Cl)Cl,noncarcinogen
C1=CC2CC1C3C2C4(C(=C(C3(C4(Cl)Cl)Cl)Cl)Cl)Cl,carcinogen
Oc1ccccc1(O),carcinogen
CC(C)OC(=O)Nc1cccc(c1)Cl,noncarcinogen
CC(=O)Nc1ccc(cc1)c2ccccc2,carcinogen
CCCN(N=O)C(=N)N[N+](=O)[O-],carcinogen
CN(C)NC(=O)CCC(=O)O,carcinogen
C(CCl)Cl,carcinogen
CN(C)C(=S)[S-].CN(C)C(=S)[S-].[Zn+2],carcinogen
Nc1ccc(cc1(N))Cl,carcinogen
NS(=O)(=O)c1cc(C(=O)O)c(cc1Cl)NCc2ccco2,carcinogen
Cc3cc(N=Nc2c(O)ccc1ccccc12)c(cc3Cl)S(=O)(=O)[O-].Cc3cc(N=Nc2c(O)ccc1ccccc12)c(cc3Cl)S(=O)(=O)[O-].[Ba+2],carcinogen
Oc3ccc1ccccc1c3(N=Nc2ccccc2),carcinogen
CN(C)C(=O)Nc1ccc(c(c1)Cl)Cl,noncarcinogen
CCOC(=O)CC(C(=O)OCC)SP(OC)(OC)=S,noncarcinogen
O=[N+]([O-])c1c(c(c(c(c1Cl)Cl)Cl)Cl)Cl,noncarcinogen
O=[Ni],carcinogen
Oc1c(c(c(c(c1Cl)Cl)Cl)Cl)Cl,carcinogen
O=C1C=CNC(=O)N1,carcinogen
O=C1c2ccccc2(C(=O)N1SC(Cl)(Cl)Cl),carcinogen
O=C1C=Cc2ccccc2(O1),carcinogen
COc2cccc3C(=O)c4c(O)c5CC(O)(CC(OC1CC(N)C(O)C(C)O1)c5(c(O)c4(C(=O)c23)))C(=O)CO,carcinogen
OC(=O)c1cc(ccc1(O))N=Nc2ccc(cc2)S(=O)(=O)Nc3ccccn3,carcinogen
CC1=CC(=O)NC(N1)=S,carcinogen
CN(N=O)C(N)=O,carcinogen
O=C(O)CCCc1ccc(cc1)N(CCCl)CCCl,carcinogen
O=C1CCO1,carcinogen
c1ccc(c(c1)Nc2nc(nc(n2)Cl)Cl)Cl,noncarcinogen
O=C1C=CC(=O)NN1,noncarcinogen
[Na+].[Na+].O=C([O-])c1ccccc1C3=C4C=C(C(=O)C(=C4(Oc2c3(cc(c([O-])c2I)I)))I)I,noncarcinogen
Nc1ccc(cc1)c2ccccc2,carcinogen
c1ccc2nc([nH]c2(c1))c3cscn3,noncarcinogen
CC(=O)Nc1ccc3c(c1)Cc2ccccc23,carcinogen
Nc1ccc(c(N)c1)Cl,carcinogen
COP(OC)(Oc1ccc(cc1)[N+](=O)[O-])=S,noncarcinogen
C=CCOc1ccccc1(OCC(O)CNC(C)C),noncarcinogen
Nc2c1C(=O)c3ccccc3(C(=O)c1c(cc2Br)Br),carcinogen
Nc1ccc2ccccc2(c1),carcinogen
CC(Cl)(Cl)Cl,noncarcinogen
C=O,carcinogen
CC=CCC(C)C(O)C1C(=O)NC(CC)C(=O)N(C)CC(=O)N(C)C(CC(C)C)C(=O)NC(C(C)C)C(=O)N(C)C(CC(C)C)C(=O)NC(C)C(=O)NC(C)C(=O)N(C)C(CC(C)C)C(=O)N(C)C(CC(C)C)C(=O)N(C)C(C(C)C)C(=O)N1(C),noncarcinogen
C(Cl)(Cl)Cl,carcinogen
C(Cl)Cl,carcinogen
COC(N)=O,carcinogen
O=NN1CCNCC1,carcinogen
c1ccc(cc1)Nc2ccc(cc2)Nc3ccccc3,noncarcinogen
CCN=[N+]([O-])CC,carcinogen
O=C(O)c1ccc(cc1)N=Nc2ccc(O)c(c2)C(=O)O,noncarcinogen
Oc1ccc(cc1[N+](=O)[O-])[N+](=O)[O-],noncarcinogen
CC1CC(C)CN(C1)S(=O)(=O)c2ccc(c(c2)C(=O)O)Cl,carcinogen
C1CCNCC1,noncarcinogen
CC(C)NCC(O)c1ccc(cc1)NS(C)(=O)=O,noncarcinogen
FC(Cl)(Cl)Cl,noncarcinogen
O=S1OCCO1,noncarcinogen
C1CN1,carcinogen
OCC(O)CCl,noncarcinogen
CCC(OC(C)=O)C(CC(C)N(C)C)(c1ccccc1)c2ccccc2,carcinogen
Cc1cccc(c1)N=Nc2ccc(cc2)N(C)C,carcinogen
FC(F)=C(F)F,carcinogen
CCOP(OCC)(=S)SC1OCCOC1SP(OCC)(OCC)=S,noncarcinogen
CC(=O)Nc2nnc(c1ccc(o1)[N+](=O)[O-])s2,carcinogen
CC(=O)C(N=Nc1ccc(cc1Cl)Cl)C(=O)Nc2ccc(cc2(C))c4ccc(NC(=O)C(N=Nc3ccc(cc3Cl)Cl)C(C)=O)c(C)c4,noncarcinogen
CC(=CC=CC(C)=CC(=O)O)C=CC1=C(C)CCCC1(C)(C),noncarcinogen
NC(=O)c1cnccn1,noncarcinogen
NC(=O)NN=Cc1ccco1,noncarcinogen
OCC2OC(OC1(CO)(OC(CO)C(O)C1(O)))C(O)C(O)C2(O),noncarcinogen
O=NN1CCOCC1,carcinogen
CC=Cc1ccc2OCOc2(c1),carcinogen
CC(C)[N+](=O)[O-],noncarcinogen
CCCCCCCCCCCN(C)N=O,carcinogen
CCOP(=O)(CC1CO1)OCC,carcinogen
Nc2nc(N)c3nc(c1ccccc1)c(N)nc3(n2),carcinogen
O=NN1CCCCC1,carcinogen
CC(Oc1c(cccc1Cl)Cl)C2=NCCN2,noncarcinogen
OC(=O)c1cccnc1,noncarcinogen
CCCCN(CC)C(=O)SCCC,noncarcinogen
c1ccc(cc1)NNc2ccccc2,carcinogen
O=NN(c1ccccc1)c2ccccc2,carcinogen
CCN(CC(F)(F)F)N=O,carcinogen
O=[N+]([O-])C([N+](=O)[O-])([N+](=O)[O-])[N+](=O)[O-],carcinogen
NC(=O)NNc1ccccc1,carcinogen
Cc1ccc3c(c1)C(=Nc2ccccc2S3)N4CCN(C)CC4,noncarcinogen
CCOS(C)(=O)=O,carcinogen
OCCN2CCN(N=Cc1ccc(o1)[N+](=O)[O-])C2(=O),carcinogen
NC(=O)c1ccncc1,noncarcinogen
Cc2noc(NS(=O)(=O)c1ccc(N)cc1)c2(C),noncarcinogen
O=[N+]([O-])c1ccccc1Cl,carcinogen
Nc1cc(c(cc1Cl)c2cc(c(N)cc2Cl)Cl)Cl,carcinogen
O=NN(CC(F)(F)F)CC(F)(F)F,noncarcinogen
CC(C)(C)c1cc(O)ccc1(O),noncarcinogen
c1ccc(cc1)c2ccccc2,carcinogen
CC1C(=O)OC2CCN3CC=C(COC(=O)C(C)(O)C1(C)(O))C23,carcinogen
c1ccc2cc(ccc2(c1))Nc3ccc(cc3)Nc4ccc5ccccc5(c4),noncarcinogen
CC(=O)Nc1cccc2c3ccccc3(Cc12),noncarcinogen
c1cc(ccc1C(c2ccc(cc2)Cl)C(Cl)(Cl)Cl)Cl,carcinogen
Cc1ccc(cc1(N=C=O))N=C=O.Cc1c(cccc1(N=C=O))N=C=O,carcinogen
C1(C(C(C(C(C1Cl)Cl)Cl)Cl)Cl)Cl,carcinogen
CCCCCl,noncarcinogen
CC(=O)CN(N=O)C(N)=O,carcinogen
C1CO1,carcinogen
CCS(=O)(=O)c2ccc(c1ccccc12)S(N)(=O)=O,carcinogen
CCOP(OCC)(Oc1nc(c(cc1Cl)Cl)Cl)=S,noncarcinogen
Cc1ccc(N)cc1Cl,noncarcinogen
CC34(CCC2C(CC=C1CC(O)CCC12(C))C4(CCC3(=O))),carcinogen
CC(C)(Oc1ccc(cc1)C2CC2(Cl)Cl)C(=O)O,carcinogen
CCCCCC(N)=O,carcinogen
CN(C)CCN(C)N=O,carcinogen
COc1ccc2CC3C4C=CC(O)C5Oc1c2C45(CCN3(C)),noncarcinogen
c1ccc2occc2(c1),carcinogen
NC(=O)NC1NC(=O)NC1(=O),noncarcinogen
COc1cc3c(cc1(N))oc2ccccc23,carcinogen
Nc1ccc(cc1)NC(=O)c2ccc(N)cc2,noncarcinogen
c1(c(c(c(c(c1Cl)Cl)Cl)Cl)Cl)Cl,carcinogen
CCCCCN(N=O)C(=O)OCC,carcinogen
C1(C(C(C(C(C1Cl)Cl)Cl)Cl)Cl)Cl,carcinogen
Cc1ccc(cc1)[N+](=O)[O-],carcinogen
NNc1nc(cs1)c2ccc(o2)[N+](=O)[O-],carcinogen
COc1cc(ccc1(N=C=O))c2ccc(N=C=O)c(c2)OC,carcinogen
CCOc1ccccc1(C(N)=O),carcinogen
Cc1ccc(cc1[N+](=O)[O-])[N+](=O)[O-],carcinogen
Nc2ccc1ccccc1c2S(=O)(O)=O,noncarcinogen
[K+].O=Br(=O)[O-],carcinogen
CN(C)c1ccc(cc1)Cc2ccc(cc2)N(C)C,carcinogen
CC1CCCCN1(N=O),carcinogen
C1CCC(CC1)NC(NC2CCCCC2)=S,noncarcinogen
CCC1(C(=O)NCNC1(=O))c2ccccc2,carcinogen
OC(=O)Cc1c[nH]c2ccccc12,noncarcinogen
CC(O)CN(N=O)C(=O)NCCCl,carcinogen
O=[Ti]=O,noncarcinogen
OCN(CO)c1nc(nc(n1)N(CO)CO)N(CO)CO,carcinogen
CCOC(=O)CBr,noncarcinogen
O=C2NCCN2(N=Cc1ccc(o1)[N+](=O)[O-]),carcinogen
CCOS(=O)(=O)OCC,carcinogen
Nc1nnc(o1)c2ccc(o2)[N+](=O)[O-],carcinogen
c1ccc2ccccc2(c1),carcinogen
COc4cc1OC(C)(C)C=Cc1c3c4(C(=O)c2ccccc2N3(C)),carcinogen
CN(C)C(=S)[S-].CN(C)C(=S)[S-].[Pb+2],noncarcinogen
C=CCO,noncarcinogen
O=NN1CC(O)CC1(C(=O)O),noncarcinogen
Oc2c(Cc1c(O)c(cc(c1Cl)Cl)Cl)c(c(cc2Cl)Cl)Cl,noncarcinogen
C=CBr,carcinogen
C=COC(C)=O,carcinogen
COC(=O)C(c1ccccc1)C2CCCCN2(N=O),noncarcinogen
c1cc(ccc1C(c2ccc(cc2)Cl)=C(Cl)Cl)Cl,carcinogen
O=NN1CCN(CC1)N=O,carcinogen
CCCc1ccc2OCOc2(c1),carcinogen
CC(C)N=[N+]([O-])C(C)C,carcinogen
CN(N=O)c1ccccc1,carcinogen
C1CNCCN1,noncarcinogen
CCCN(N=O)C(N)=O,carcinogen
CC1CO1,carcinogen
CC(=O)N(C(C)=O)c2cccc1c3ccccc3(Cc12),carcinogen
CN(C)C(=O)Nc1ccc(cc1)Cl,carcinogen
COc3cc(O)c4C(=O)c5c(cc2OC1OC=CC1c2c5(Oc4(c3(OC))))OC,carcinogen
OC(=O)c1ccncc1,noncarcinogen
O=S(=O)([O-])[O-].[Co+2],carcinogen
CCOC(=O)C(C)(C)Oc1ccc(cc1)Cl,carcinogen
O=P(OCCCl)(OCCCl)OCCCl,carcinogen
CCOC(=O)C2OC2(C)(c1ccccc1),noncarcinogen
CC(=O)NCc1nc(no1)c2ccc(o2)[N+](=O)[O-],carcinogen
COc4cc(c(cc4(NC(=O)C(N=Nc1ccc(cc1Cl)c3ccc(N=NC(C(C)=O)C(=O)Nc2cc(OC)c(cc2(OC))Cl)c(c3)Cl)C(C)=O))OC)Cl,noncarcinogen
NC(=O)c1cccnc1,noncarcinogen
CC(C)n3c1ccccc1c(c2ccc(F)cc2)c3(C=CC(O)CC(O)CC(=O)O),carcinogen
CC1CN1P(=O)(N2CC2(C))N3CC3(C),carcinogen
C=CO,noncarcinogen
COP(=O)OC,carcinogen
OC(=O)C(Cl)Cl,carcinogen
CN(N=O)c1ccccn1,carcinogen
CC(Oc1cc(ccc1Cl)Cl)C(=O)O,noncarcinogen
OCc1ccccc1,noncarcinogen
C[N+]([O-])(CCCl)CCCl,carcinogen
CC(=O)NN,carcinogen
CC(C)OC(=O)Nc1ccccc1,noncarcinogen
CCCCOC(=O)c2ccccc2(C(=O)OCc1ccccc1),carcinogen
CN(CC(O)CO)N=O,carcinogen
CN(C)CCN(Cc1cccs1)c2ccccc2,noncarcinogen
CN(CCCC(O)c1cccnc1)N=O,carcinogen
O=C(O)c1ccc(cc1)[N+](=O)[O-],carcinogen
Nc2ccc3oc1ccccc1c3(c2),carcinogen
CC(C)=NO,carcinogen
CC(C)(C)c1cc(CO)cc(c1(O))C(C)(C)C,noncarcinogen
O=NN1CCOC1,carcinogen
CC(C)C1CCC(C)CC1(O),noncarcinogen
CCC1CO1,carcinogen
O=NN1CCCN(C1)N=O,carcinogen
CCSCCC(N)C(O)=O.CCSCCC(N)C(O)=O,carcinogen
O=NN([O-])c1ccccc1,carcinogen
CN(C#N)N=O,carcinogen
P#[In],carcinogen
CCCCC(C)C(OC(=O)CC(CC(O)=O)C(O)=O)C(CC(C)CC(O)CCCCC(O)CC(O)C(C)N)OC(=O)CC(CC(O)=O)C(O)=O,carcinogen
CC24(C=CC(=O)C=C4(CCC1C3CCC(O)(C(=O)CO)C3(C)(CC(O)C12))),carcinogen
COc1ccc(O)c(c1)C(C)(C)C,carcinogen
Cc1c(cccc1[N+](=O)[O-])[N+](=O)[O-],carcinogen
NC1CCCCC1,noncarcinogen
c1(c(c(c(c(c1Cl)Cl)Cl)Cl)Cl)C(=C(Cl)Cl)Cl,noncarcinogen
CC=O,carcinogen
CCN(N)C=O,carcinogen
NC(=O)CI,noncarcinogen
Cc1ccc(C)c(C)c1,noncarcinogen
C1CN1P(N2CC2)(N3CC3)=S,carcinogen
C=COC(N)=O,carcinogen
CC3(C)(OC4CC2C5CCC1=CC(=O)C=CC1(C)C5(F)(C(O)CC2(C)C4(O3)(C(=O)CO))),carcinogen
CC(=O)N(O)c3ccc2c(Cc1ccccc12)c3,carcinogen
CC(C)COC(=O)c1ccc(O)cc1,noncarcinogen
c1ccc3c(c1)[nH]c2cnccc23,noncarcinogen
Oc1c(cc(cc1Sc2cc(cc(c2(O))Cl)Cl)Cl)Cl,noncarcinogen
CCCCCN(CCCCC)N=O,carcinogen
CCC(c1ccc(O)cc1)=C(CC)c2ccc(O)cc2,carcinogen
O=CC=Cc1ccccc1,noncarcinogen
O=C1c2ccccc2(C(=O)C(=C1Cl)Cl),noncarcinogen
C=CCN(CC(C)=O)N=O,carcinogen
CNC(=O)Oc1cc(C)c(c(C)c1)N(C)C,noncarcinogen
COc1ccc(cc1(N))[N+](=O)[O-],carcinogen
CCCCCC=NN(C)C=O,carcinogen
Cc1cc(C)nc(n1)NS(=O)(=O)c2ccc(N)cc2,carcinogen
O=NN1CCCCCC1,carcinogen
CCN=[N+](C)[O-],carcinogen
CNN,carcinogen
NC(Nc2cccc1ccccc12)=S,noncarcinogen
CN(N=O)c1ccc(F)cc1,carcinogen
CCSCCC(N)C(=O)O,carcinogen
NC(Nc1ccccc1)=S,noncarcinogen
NC(=NO)c1ccc(o1)[N+](=O)[O-],noncarcinogen
Nc1nc(cs1)c2ccc(cc2)[N+](=O)[O-],carcinogen
COC(C)(C)C,carcinogen
Cc2ccc1C(=O)c3ccccc3(C(=O)c1c2[N+](=O)[O-]),carcinogen
CN(CCCC(=O)c1cccnc1)N=O,carcinogen
CC(C)(C)NCC(O)c1ccc(O)c(CO)c1,carcinogen
OCC1CO1,carcinogen
OCC(O)C(O)C(O)C(O)CO,noncarcinogen
CN=[N+](C)[O-],carcinogen
CN(C)CCO,noncarcinogen
CN(N=O)c1cccnc1,noncarcinogen
C=CC(O)c1ccc2OCOc2(c1),carcinogen
Nc1ccc(N)c2C(=O)c3c(N)ccc(N)c3(C(=O)c12),carcinogen
CCCCOC(=O)c1ccc(O)cc1,noncarcinogen
NC=1C=NN(C(=O)N=1)C2OC(CO)C(O)C2(O),noncarcinogen
CC(C)C6NC(=O)C(NC(=O)c3ccc(C)c4OC5=C(C)C(=O)C(N)=C(C(=O)NC1C(C)OC(=O)C(C(C)C)N(C)C(=O)CN(C)C(=O)C2CCCN2(C(=O)C(NC1(=O))C(C)C))C5(=Nc34))C(C)OC(=O)C(C(C)C)N(C)C(=O)CN(C)C(=O)C7CCCN7(C6(=O)),carcinogen
CC35(C=CC(=O)C=C5(CCC2C4CCC(O)(C(=O)COC(=O)CCCc1ccc(cc1)N(CCCl)CCCl)C4(C)(CC(O)C23))),carcinogen
O=[N+]([O-])c1ccc2ncccc2(c1),noncarcinogen
CC=CC=CC(O)=O,noncarcinogen
CC(C)NCC(O)c1ccc2ccccc2(c1),noncarcinogen
Nc1nc(N)nc(n1)c2ccc(o2)[N+](=O)[O-],carcinogen
OCC(CO)(CBr)CBr,carcinogen
c1ccc(cc1)C2CO2,carcinogen
COc2ccc(OC)c(C=Cc1ccc(N)cc1)c2,carcinogen
NNC(=O)c1ccncc1,carcinogen
CCC(CC)(C(=O)NC(N)=O)Br,noncarcinogen
O=NN(CCCC(F)(F)F)CCCC(F)(F)F,carcinogen
c1ccc(cc1)C(Cl)(Cl)Cl,carcinogen
CC(C)(C)NC(=O)C2CCC3C4CCC1NC(=O)C=CC1(C)C4(CCC23(C)),carcinogen
CN(C)N,carcinogen
COc1ccc2[nH]c(nc2(c1))S(=O)Cc3ncc(C)c(OC)c3(C),carcinogen
CN3C(=O)C(O)N=C(c1ccccc1)c2cc(ccc23)Cl,noncarcinogen
OC(c1ccccc1)C(=O)c2ccccc2,noncarcinogen
CC[N+](=O)[O-],noncarcinogen
O=NN1CCCCCCC1,carcinogen
c1ccc(CCl)nc1,noncarcinogen
O=C(O)C=Cc1ccc(O)c(O)c1,carcinogen
C=Cc1ccccc1,carcinogen
NC(=O)N(CCCO)N=O,carcinogen
C[N+](C)(C)CCCl,noncarcinogen
Nc1ccc(cc1(O))[N+](=O)[O-],carcinogen
O=C1c3ccccc3(C(=O)c2ccccc12),carcinogen
CN(CCc1ccccc1)N=O,carcinogen
OC(CBr)C(O)C(O)C(O)CBr,carcinogen
O=C(Oc1ccccc1)Oc2ccccc2,noncarcinogen
CNCCc1ccc(OC(=O)C(C)C)c(c1)OC(=O)C(C)C,noncarcinogen
Nc1nc[nH]n1,carcinogen
CN(N=O)c3ccc(C=Cc1ccnc2ccccc12)cc3,carcinogen
C=CC(=C)Cl,carcinogen
CCCCCCCCCCCCCCN(C)N=O,carcinogen
CCN2C=C(C(=O)O)C(=O)c1cc3OCOc3(cc12),carcinogen
O=NN1CCOC1(=O),carcinogen
CCCCCN(N=O)C(N)=O,carcinogen
Nc1cc(cc(C(O)=O)c1Cl)Cl,carcinogen
Nc1nc(N)nc(n1)c2ccccc2,noncarcinogen
O=C1c4ccccc4(CN2C(=O)c3ccccc3(CN12)),carcinogen
CC=CCl,carcinogen
Oc1ccc(cc1)c2ccccc2,noncarcinogen
CCCCCCCCCCN(C)N=O,carcinogen
O=P1(NCCCO1)N(CCCl)CCCl,carcinogen
O=[N+]([O-])c3ccc2CCc1cccc3(c12),carcinogen
Nc1nc(N)nc(N)n1,carcinogen
O=NN1CCSCC1,carcinogen
CCCl,carcinogen
CCN(N=O)C(=N)N[N+](=O)[O-],carcinogen
CC=CC=CC=O,carcinogen
C1CCC(CC1)NSc3nc2ccccc2s3,noncarcinogen
CC(O)CNC(=O)N(N=O)C(C)Cl,carcinogen
CN(CCCl)CCCl,carcinogen
Cc1ccc(cc1)NC(N)=O,carcinogen
C(OCCl)C(COCCl)OCCl,carcinogen
Cc3cccn2c3(nc1ccc(N)nc12),carcinogen
C(Cl)(Cl)(Cl)Cl,carcinogen
Nc2nnc(c1ccc(o1)[N+](=O)[O-])s2,carcinogen
C=CC(C)=C,carcinogen
C=CCN(CCO)N=O,carcinogen
Cc1cc(O)cc(C)c1N(C)C,noncarcinogen
Nc1ccc(cc1(N))[N+](=O)[O-],noncarcinogen
NC(CCC(=O)NNc1ccc(CO)cc1)C(O)=O,noncarcinogen
C#CC2(O)(CCC3(C)(C4(C)(CCc1cc(O)ccc1C4(C)(CCC23(C))))),carcinogen
c2c1Oc3cc(c(c(c3(Oc1c(c(c2Cl)Cl)Cl))Cl)Cl)Cl,noncarcinogen
CC(C)OS(C)(=O)=O,carcinogen
c1ccc2c(c1)nc(s2)SSc4nc3ccccc3s4,noncarcinogen
O=S(=O)(Oc1ccc(cc1)Cl)c2ccc(cc2)Cl,noncarcinogen
OCCN(N=O)C(=O)NCCCl,carcinogen
CC3(O)(CCC2C4CCC1CC(=O)C(=CO)CC1(C)C4(CCC23(C))),carcinogen
Nc2ccc(Cc1ccc(N)c(c1)Cl)cc2Cl,carcinogen
COc2cc(N)ccc2(N=Nc1ccccc1),noncarcinogen
CN(C)c1ccc(cc1)N=Nc2ccccc2,carcinogen
C1CCCNCCC1,noncarcinogen
CC=CC=O,carcinogen
NC(=O)Cc2cccc1ccccc12,noncarcinogen
CC2CC1(OC1(C))C(=O)OC3CCN(C)CC=C(COC(=O)C2(C)(O))C3(=O),carcinogen
CC(C)=CCl,carcinogen
c1ccc(cc1)N=Nc2ccccc2,carcinogen
CC(C)(Oc1ccc(cc1)C3CCCc2ccccc23)C(O)=O,carcinogen
O=CNNc1nc(cs1)c2ccc(o2)[N+](=O)[O-],carcinogen
O=C3c1ccccc1c4ccc5C(=O)c2ccccc2c6ccc3c4c56,carcinogen
Cc1ncc(n1(C))[N+](=O)[O-],carcinogen
C=CC=O,noncarcinogen
O=NN1CSCSC1,noncarcinogen
O=C1C=C(C(=O)C(=C1N2CC2)N3CC3)N4CC4,carcinogen
CN(C)Nc1nc(cs1)c2ccc(o2)[N+](=O)[O-],carcinogen
C1C2C5OC5(C1C3C2C4(C(=C(C3(C4(Cl)Cl)Cl)Cl)Cl)Cl),carcinogen
COc1cc(ccc1(O))C=NNC(=O)c2ccncc2,carcinogen
NCCCCCCCCCCC(=O)O,carcinogen
CC(=O)OCc1ccccc1,noncarcinogen
CC(C)OC(=O)COc1ccc(cc1Cl)Cl,noncarcinogen
C=CCN(N=O)C(N)=O,carcinogen
CC(=O)Nc3cccc2Cc1ccccc1c23,noncarcinogen
Cc1cccc2cccnc12,noncarcinogen
c1ccoc1,carcinogen
CC1CC(=O)O1,carcinogen
NC(Cc1ccc(cc1)N(CCCl)CCCl)C(O)=O,carcinogen
Cc1ccc(N)cc1(N),carcinogen
OC[P+](CO)(CO)CO.O=S(=O)([O-])[O-].OC[P+](CO)(CO)CO,noncarcinogen
C(C(Cl)(Cl)Cl)Cl,carcinogen
CC(=C)C,carcinogen
CC(=O)Nc1ccc(cc1)S(=O)(=O)c2ccc(cc2)NC(C)=O,carcinogen
OCc1ccco1,carcinogen
CCN(N=O)C(=O)NCC(C)=O,carcinogen
C=CCN=C=S,carcinogen
Cc1cc(ccc1(N))Cc2ccc(N)c(C)c2,carcinogen
CC(C)n1nc(C)cc1(OC(=O)N(C)C),noncarcinogen
OC(=O)CCl,noncarcinogen
CC(C(O)c1ccccc1)N(C)N=O,carcinogen
Nc1ccc(cc1)c2ccc(F)cc2,carcinogen
C=CC1CCC=CC1,carcinogen
CCNC(=O)N(CCO)N=O,carcinogen
CC(C)CCCC(C)C2CCC3C4CC=C1CC(CCC1(C)C4(CCC23(C)))OC(=O)Cc5ccc(cc5)N(CCCl)CCCl,carcinogen
CC(=O)c1ccc(cc1)S(=O)(=O)NC(=O)NC2CCCCC2,noncarcinogen
CN(C)c1ccccc1,carcinogen
CCCCCCCCCCCCN(C)N=O,carcinogen
O=C1c4ccccc4(C(=O)C1c2ccc3ccccc3(n2)),carcinogen
CNC2CCc1cc(OC)c(OC)c(OC)c1C3=CC=C(OC)C(=O)C=C23,carcinogen
Nc1ccc(cc1)Oc2ccc(N)cc2,carcinogen
CNc3ncnc1c3(ncn1C2OC(CO)C(O)C2(O)),noncarcinogen
C1CN(CCO1)C(=S)SN2CCOCC2,carcinogen
CCCCCCCC(=O)OCC(COC(=O)CCCCCCC)OC(=O)CCCCCCC,carcinogen
CC(C)=CCCC(C)=CCOC(C)=O,noncarcinogen
O=NN1CCC(O)C1,carcinogen
O=C(O)c1ccccc1,noncarcinogen
CCCCN(CCCCO)N=O,carcinogen
CCOc1ccc(cc1[N+](=O)[O-])NC(C)=O,carcinogen
Cc1ccc2ncccc2(c1),noncarcinogen
CC34(CCC1c5ccc(cc5(CCC1C4(CCC3(OC(=O)Cc2ccc(cc2)N(CCCl)CCCl))))OC(=O)Cc6ccc(cc6)N(CCCl)CCCl),carcinogen
CCOC(=O)C1(CCC=CC1(N(C)C))(c2ccccc2),noncarcinogen
CC=NO,noncarcinogen
CC(=O)CN(C)N=O,carcinogen
CCC1(C(=O)NC(=O)NC1(=O))c2ccccc2,carcinogen
CN(C)C(S)=S,noncarcinogen
O=NN1CCCC1(C(=O)O),noncarcinogen
CBr,noncarcinogen
Nc1nc(cs1)c2ccc(o2)[N+](=O)[O-],carcinogen
CCCCOC(=O)COc1ccc(cc1Cl)Cl,noncarcinogen
C(CCOCCl)COCCl,noncarcinogen
Nc1cc(ccc1(C(=O)O))[N+](=O)[O-],noncarcinogen
O=NN1CCCCO1,carcinogen
FC(F)(Cl)Cl,noncarcinogen
Cc2cc1ncccc1c3nc(N)n(C)c23,carcinogen
CC5OC(OCC4OC(OC=2C(=O)c3c(O)cc(O)cc3(OC=2(c1ccc(O)c(O)c1)))C(O)C(O)C4(O))C(O)C(O)C5(O),noncarcinogen
CCC(=O)C(CC(C)N(C)C)(c1ccccc1)c2ccccc2,noncarcinogen
CS(=O)(=O)OCCCCOS(C)(=O)=O,carcinogen
CN(C)P(=O)(N(C)C)N(C)C,carcinogen
O=S(=O)(c1ccc(cc1)Cl)c2cc(c(cc2Cl)Cl)Cl,noncarcinogen
CCCCC(CC)COP(=O)(OCC(CC)CCCC)OCC(CC)CCCC,carcinogen
CCn3nc(C)c2NC(=O)CN=C(c1ccccc1)c23,carcinogen
CC2Cc3c(cc(C(=O)NC(Cc1ccccc1)C(O)=O)c(O)c3(C(=O)O2))Cl,carcinogen
CC(=O)OC2C(O)C4OC1C=C(C)C(=O)C(O)C1(CO)C2(C)C34(CO3),noncarcinogen
CCCCN(CCCC)N=O,carcinogen
O=S(=O)(c1ccc(cc1)Cl)c2ccc(cc2)Cl,noncarcinogen
CC(O)CN(CC(C)O)N=O,carcinogen
CC(=O)Nc1ccc(cc1)c2ccc(F)cc2,carcinogen
C1N2CN3CN1CN(C2)C3,noncarcinogen
Cc2cnc3ccc1c(nc(N)n1(C))c3(n2),carcinogen
CC(C)=NNc2ncc(c1ccc(o1)[N+](=O)[O-])s2,carcinogen
OCCN(CCO)N=O,carcinogen
O=[N+]([O-])c2cccc1ccccc12,noncarcinogen
COc3cc2OC1OC=CC1c2c4Oc5cccc(O)c5(C(=O)c34),carcinogen
CCOC(=O)C(O)(c1ccc(cc1)Cl)c2ccc(cc2)Cl,carcinogen
Oc1ccc(cc1)OCc2ccccc2,noncarcinogen
CCCCC(C)(O)CC=CC1C(O)CC(=O)C1(CCCCCCC(=O)OC),noncarcinogen
CC(N)=S,carcinogen
Cn2c(N)nc1c3cccnc3(ccc12),carcinogen
Cc1cc(c(O)c(c1)C(C)(C)C)C(C)(C)C,noncarcinogen
CCC(C)c1cc(cc(c1(O))[N+](=O)[O-])[N+](=O)[O-],noncarcinogen
NC3=Nc2c(ncn2(C1CC(O)C(CO)O1))C(N3)=S,carcinogen
C(OCCl)Cl,carcinogen
C(CBr)Br,carcinogen
CN(C)C=O,noncarcinogen
CC(Oc1cc(c(cc1Cl)Cl)Cl)C(=O)O,noncarcinogen
C=CC=NO,noncarcinogen
c1ccc2c(c1)cc3ccc4cccc5ccc2c3c45,carcinogen
NNCCO,carcinogen
CCCCC=NN(C)C=O,carcinogen
C(Br)(Br)Br,carcinogen
CC(C=O)Cl,carcinogen
O=C4CN=C(c1ccccc1)c2cc(ccc2N4(CC3CC3))Cl,noncarcinogen
Oc1cccc2cccnc12,noncarcinogen
Cc1ccc(C)c(N)c1,carcinogen
c1cnc2cc(cc(c2(c1))Br)Br,noncarcinogen
c1ccc5c(c1)ccc4cc3c(ccc2ccccc23)cc45,carcinogen
CC3(C)(C(C=C(Br)Br)C3(C(=O)OC(C#N)c1cccc(c1)Oc2ccccc2)),carcinogen
O=CNNC=O,carcinogen
CC=C(C)C(=O)OC1CCN2CC=C(COC(=O)C(O)(C(C)C)C(C)O)C12,carcinogen
O1C(C2C(C1Cl)C3(C(=C(C2(C3(Cl)Cl)Cl)Cl)Cl)Cl)Cl,noncarcinogen
CN(C)C(=S)SC(N(C)C)=S,noncarcinogen
Nc1ccccc1(C(O)=O),noncarcinogen
C=CC(N)=O,carcinogen
CCC=C(CC)[N+](=O)[O-],carcinogen
C1(C(C(C(C(C1Cl)Cl)Cl)Cl)Cl)Cl,carcinogen
O=[N+]([O-])c1ccc(cc1)Cl,carcinogen
NNc1nc(cs1)c2ccccc2,noncarcinogen
COP(=O)(OC)N1CCOCC1,carcinogen
C2C1OC1C5C2C3CC5(C4OC34),noncarcinogen
CC(=O)CN(CC(O)CO)N=O,carcinogen
Cn1cnc(c1Sc3ncnc2nc[nH]c23)[N+](=O)[O-],carcinogen
CC(C)Oc1ccc(cc1)Nc2ccccc2,noncarcinogen
O=CC(=C(C(=O)O)Cl)Cl,noncarcinogen
C(COCCl)OCCl,carcinogen
Oc1ccc2OCOc2(c1),carcinogen
CCNC(NCC)=S,carcinogen
CC1CN(N=O)C(=O)NC1(=O),noncarcinogen
CN(N=O)c3ncnc1c3(ncn1C2OC(CO)C(O)C2(O)),carcinogen
COC(C(=O)O)c1ccccc1,noncarcinogen
CCn2c3ccccc3(c1cc(N)ccc12),carcinogen
COc1ccccc1[N+](=O)[O-],carcinogen
O1C2C1C3C4C2C5C3C6(C4(C(C5(C6(Cl)Cl)Cl)Cl)Cl)Cl,noncarcinogen
Nc1ccc(cc1)Cl,carcinogen
C=C(C)CCl,carcinogen
O=CCCl,carcinogen
CN(CCO)N=O,carcinogen
c1ccccc1,carcinogen
FCCl,carcinogen
O=C1CCC(=O)O1,noncarcinogen
O=NN1CCCCC1(C(=O)O),noncarcinogen
NC(Cc1c[nH]c2ccccc12)C(O)=O,noncarcinogen
CC[N+]([O-])=NC,carcinogen
C=CCc1ccc2OCOc2(c1),carcinogen
OCCNc1ccc(cc1[N+](=O)[O-])N(CCO)CCO,noncarcinogen
COc1ccc(N)cc1(N),carcinogen
CC=C1CC(C)C(C)(O)C(=O)OCC2=CCN(C)CCC(OC1(=O))C2(=O),carcinogen
CC(C)(C)O,carcinogen
CC(C(O)CCC(C)(C)O)C1CCC2(O)(C3=CC(=O)C4CC(O)C(O)CC4(C)(C3(CCC12(C)))),carcinogen
COc1ccc(O)cc1,carcinogen
Cc1cc(C)nc(n1)c2ccc(o2)[N+](=O)[O-],carcinogen
O=[N+]([O-])OCC(CO[N+](=O)[O-])O[N+](=O)[O-],carcinogen
O=S(=O)([O-])[O-].[Ni+2],noncarcinogen
O=C(O)CC(O)(CC(=O)O)C(=O)O,noncarcinogen
O=CNc1nc(cs1)c2ccc(o2)[N+](=O)[O-],carcinogen
CC(C1OCC(CO)O1)I,carcinogen
OC(O)C(Cl)(Cl)Cl,carcinogen
O=CNNc1nc(cs1)c2ccco2,noncarcinogen
CN1CCCC1(=O),carcinogen
CN(C)C(=O)Cl,carcinogen
O=NN2CCCCC2(c1cccnc1),carcinogen
CN(C)N=Nc1ccccc1,carcinogen
CCN2C=C(C(O)=O)C(=O)c1ccc(C)nc12,carcinogen
COc3cc(ccc3(c1nc2ccncc2([nH]1)))S(C)=O,carcinogen
COc1c(c(c(c(c1Cl)Cl)Cl)Cl)Cl,carcinogen
CCOc1ccc(cc1)NC(=O)CC(C)O,carcinogen
c1ccc(cc1)OCC2CO2,carcinogen
N#CC(c1ccccc1)c2ccccc2,noncarcinogen
O=NN2CCCC2(c1ccc[n+]([O-])c1),carcinogen
NN.OS(=O)(=O)O,carcinogen
c1ccc2cc(ccc2(c1))N(CCCl)CCCl,carcinogen
c1ccc2c(c1)nc(s2)SN3CCOCC3,noncarcinogen
CCOc1ccc(cc1)NC(C)=O,carcinogen
O=NN1CCCN(CC1)N=O,carcinogen
CC5(C)(C(CCC4(C)(C5(CCC2(C)(C4(C(=O)C=C1C3CC(C)(CCC3(C)(CCC12(C)))C(=O)O)))))OC7OC(C(=O)O)C(O)C(O)C7(OC6OC(C(=O)O)C(O)C(O)C6(O))),noncarcinogen
Cc1ccccc1[N+](=O)[O-],carcinogen
O=[N+]([O-])c1ccc(o1)c2cscn2,carcinogen
CC(C)CON=O,carcinogen
C1OC1CCl,carcinogen
CC1CN(CC(C)N1(C))N=O,carcinogen
CCC1C(COC1(=O))Cc2cncn2(C),noncarcinogen
Cc1ccc3c(c1)N(C(C)C)C(=O)N=C3(c2ccccc2),noncarcinogen
O=C(O)CN(CC(=O)O)CC(O)=O,carcinogen
C=CCc1ccc(OC)c(c1)OC,carcinogen
CC=C1CC(=C)C(O)(CO)C(=O)OCC2=CCN3CCC(OC1(=O))C23,carcinogen
Cc1ccc(C)c(c1)OCCCC(C)(C)C(=O)O,carcinogen
O=[N+]([O-])c2cccc1cccnc12,carcinogen
CC(=O)Nc1ccc2c3ccccc3(C(=O)c2(c1)),carcinogen
NNc1nc(cs1)c2ccc(N)cc2,carcinogen
CC1=CC(C)(C)Nc2ccccc12,carcinogen
CCCc2c(O)c(ccc2(OCCCCc1[nH]nnn1))C(C)=O,carcinogen
CC24(C=CC(=O)C=C4(CCC1C3CCC(O)(C(=O)CO)C3(C)(CC(=O)C12))),noncarcinogen
CC(C)C(c1ccc(cc1)Cl)C(=O)OC(C#N)c2cccc(c2)Oc3ccccc3,noncarcinogen
NNC=O,carcinogen
C1=CC(C2C1C3(C(=C(C2(C3(Cl)Cl)Cl)Cl)Cl)Cl)Cl,carcinogen
CC(COc1ccc(cc1)C(C)(C)C)OS(=O)OCCCl,carcinogen
c1ccc2Oc3ccccc3(Oc2(c1)),noncarcinogen
Cc2ccccc2(N=Nc1ccc(N)c(C)c1),carcinogen
CCCN(CCC)c1ccc(cc1)N=Nc2cc[n+]([O-])cc2,noncarcinogen
O=[N+]([O-])c1cc[n+]([O-])c2ccccc12,carcinogen
CNCCC(Oc1ccc(cc1)C(F)(F)F)c2ccccc2,noncarcinogen
O=CC1CO1,carcinogen
CC(=O)Nc1nc(NC(C)=O)nc(n1)c2ccc(o2)[N+](=O)[O-],carcinogen
Cc1cc(N)ccc1(N).OS(=O)(=O)O,noncarcinogen
CN(N=O)c1ccc(cc1)N=O,carcinogen
CCCCCCN(N=O)C(N)=O,carcinogen
C1C2C(C(C1Cl)Cl)C3(C(=C(C2(C3(Cl)Cl)Cl)Cl)Cl)Cl,carcinogen
COc1c(c(c(c(c1Cl)Cl)[N+](=O)[O-])Cl)Cl,noncarcinogen
COc1cccc(O)c1(O),carcinogen
O=C1NCCN1,noncarcinogen
Cc1c(c(C)c(c(c1[N+](=O)[O-])C(C)(C)C)[N+](=O)[O-])[N+](=O)[O-],carcinogen
OCCN(CC(O)CO)N=O,carcinogen
OO,carcinogen
Cc1ncc(n1(CCO))[N+](=O)[O-],carcinogen
COC(=O)C(C)(C)Oc1ccc(cc1)c2ccc(cc2)Cl,carcinogen
Nc2ccc3nc1ccccn1c3(n2),carcinogen
O(c1c(c(c(c(c1Br)Br)Br)Br)Br)c2c(c(c(c(c2Br)Br)Br)Br)Br,carcinogen
Nc1ccccc1C(=O)OCC=Cc2ccccc2,carcinogen
CCOC(=O)N(CC)N=O,carcinogen
Oc1nnc(o1)c2ccc(o2)[N+](=O)[O-],carcinogen
CCO,carcinogen
CCCCCCCCCCCC[N+](C)(C)[O-],noncarcinogen
Oc1cccc2C(=O)c3ccccc3(C(=O)c12),carcinogen
CN(C)c1ccc(cc1)C(=O)c2ccc(cc2)N(C)C,carcinogen
CN(N=O)C(=O)NC1C(O)OC(CO)C(O)C1(O),carcinogen
O=NN1CC(=O)NC1(=O),carcinogen
CN(C)[N+](=O)[O-],carcinogen
C13(C4(C2(C5(C(C1(C2(Cl)Cl)Cl)(C3(C(C45Cl)(Cl)Cl)Cl)Cl)Cl)Cl)Cl)Cl,carcinogen
CCC[N+](=O)[O-],noncarcinogen
CN(N=O)c1ccncc1,noncarcinogen
c1cc(ccc1C(c2ccc(cc2)Cl)C(Cl)Cl)Cl,carcinogen
C=CCN(CC=C)N=O,carcinogen
CNC(N(C)C)=S,carcinogen
O=[N+]([O-])c1ccc2nc[nH]c2(c1),carcinogen
CCCN=[N+]([O-])CCC,carcinogen
NNC(=O)c1ccccc1,carcinogen
CCCOC(=O)C2C(C)Cc1cc3OCOc3(cc1C2(C(=O)OCCC)),noncarcinogen
C[N+](=O)[O-],carcinogen
C(C(CBr)Br)Cl,carcinogen
COc1cc(OC)c3c(c1)OC(=O)C=2CCC(=O)C=23,carcinogen
CCN(CC)N=O,carcinogen
CC2=C(c1cnccn1)SSC2=S,noncarcinogen
O=S1(=O)(CC=CC1),noncarcinogen
CC(O)CN(CCO)N=O,carcinogen
O=[N+]([O-])c4ccc1ccc2cccc3ccc4(c1c23),carcinogen
NN,carcinogen
CC(O)c1ccccc1,carcinogen
O=C(NCC1CCCCN1)c2cc(ccc2(OCC(F)(F)F))OCC(F)(F)F,noncarcinogen
CN(C)CCOc1ccc(cc1)C(c2ccccc2)=C(CCCl)c3ccccc3,noncarcinogen
C=CCN(CC(O)CO)N=O,carcinogen
c1cncc(c1)CCl,carcinogen
c1ccc(cc1)CCl,carcinogen
CC2(C)(C(=O)Nc1ccc(cc12)C=3CCC(=O)NN=3),carcinogen
O=C1OC(=O)c2ccccc12,noncarcinogen
O=NN1CCCCCCCCCCCC1,carcinogen
CN(C)c1ccc(cc1)C(=N)c2ccc(cc2)N(C)C,carcinogen
COc1ccc(N)c(C)c1,carcinogen
CN[N+](=O)[O-],carcinogen
CN(N=O)C(=O)c1ccccc1,carcinogen
CC(O)CCl,noncarcinogen
Cc1ccccc1S(N)(=O)=O,carcinogen
CC1CN(CC(C)O1)N=O,carcinogen
O=[Si]([O-])[O-].[Mg+2],carcinogen
OCCBr,carcinogen
CC(=O)CN(CCO)N=O,carcinogen
O=C2CN(N=Cc1ccc(o1)[N+](=O)[O-])C(=O)N2,carcinogen
Cc1csc(NNC=O)n1,carcinogen
OS(O)(=O)=O.CNC(C)C(O)c1ccccc1.CNC(C)C(O)c1ccccc1,noncarcinogen
CN(C)CCN(Cc1ccsc1)c2ccccn2,noncarcinogen
CCCCN(N=O)C(N)=O,carcinogen
CC(=O)OCN=[N+](C)[O-],carcinogen
c1ccc3c(c1)Nc2ccccc2S3,noncarcinogen
O=C(Nc1nc(cs1)c2ccc(o2)[N+](=O)[O-])C(F)(F)F,carcinogen
O=C2Nc1ccc(cc1C(=NC2(O))c3ccccc3)Cl,carcinogen
Cc1ccccc1,noncarcinogen
CC3=CC4OC2C(O)C(O)C(C)(C12(CO1))C4(CO)(C(O)C3(=O)),noncarcinogen
C=CCl,carcinogen
CN(N)C=O,carcinogen
CNc1ccc(cc1[N+](=O)[O-])N(CCO)CCO,carcinogen
O=C1C2(C3(C4(C1(C5(C2(C3(C(C45Cl)(Cl)Cl)Cl)Cl)Cl)Cl)Cl)Cl)Cl,carcinogen
C#CC(OC(N)=O)(c1ccccc1)c2ccc(cc2)Cl,carcinogen
CCOC(N)=O,carcinogen
CCCC3OC4CC2C5CCC1=CC(=O)C=CC1(C)C5(C(O)CC2(C)C4(O3)(C(=O)CO)),carcinogen
C=Cc1ccc(C)cc1,noncarcinogen
CCCCOCCO,carcinogen
O=[N+]([O-])C(Cl)(Cl)Cl,noncarcinogen
CC=Cc1ccc(cc1)OC,carcinogen
O=S(=O)(Oc1ccc(cc1Cl)Cl)c2ccccc2,noncarcinogen
CC(C)(C)c1cc(cc(c1(OS(C)(=O)=O))[N+](=O)[O-])[N+](=O)[O-],noncarcinogen
Cc1ccc2cc4c5ccccc5(ccc4(c3CCc1c23)),carcinogen
COP(C)(=O)OC,carcinogen
Nc1ccc2C(=O)c3ccccc3(C(=O)c2(c1)),carcinogen
CC(C)C=O,noncarcinogen
O=[N+]([O-])c1ccc(o1)c3cnc2ccccn23,carcinogen
COC(=O)NN,noncarcinogen
Nc1cc(ccc1(O))[N+](=O)[O-],carcinogen
CN(C)C(=O)NC1CC2CC1C3CCCC23,noncarcinogen
CCCN(CCC)S(=O)(=O)c1ccc(cc1)C(=O)O,carcinogen
O=NN1CCCC1,carcinogen
COC(=O)C(=C)C,noncarcinogen
CC4=CC2C(O)(CC(CO)=CC1C3C(C)(C)C3(O)(C(O)C(C)C12(O)))C4(=O),carcinogen
COc1cc(ccc1(N))N=Nc2ccccc2,carcinogen
Cc1ccc(cc1)S(=O)(=O)NC(=O)NN2CCCCCC2,noncarcinogen
C1COCCO1,carcinogen
OC(=O)Cc2cccc1ccccc12,noncarcinogen
O=NN1CCC(=O)NC1(=O),carcinogen
Oc2cc3CC4(O)(COc1c(O)c(O)ccc1C4(c3(cc2(O)))),carcinogen
c1ccc(cc1)N=C=S,noncarcinogen
Cc2cccc(C)c2(NC(=O)CN1CCCC1(=O)),noncarcinogen
CN(C)N=O,carcinogen
c1cc2ccc3cccc4ccc(c1)c2c34,noncarcinogen
Cc1cccc2ccccc12,carcinogen
CC1CCCC(=O)CCCC=Cc2cc(O)cc(O)c2(C(=O)O1),carcinogen
NNC(=O)c1cccnc1,carcinogen
CCN(C)N=O,carcinogen
CC2=C(C(=O)N(c1ccccc1)N2(C))N(C)CS(=O)(=O)[O-],carcinogen
CC(C)N(C(C)C)C(=O)SCC(=CCl)Cl,carcinogen
C#CC4(O)(CCC2(C)(C4(C)(CCC1(C)(c3ccc(cc3(CCC12(C)))OC)))),carcinogen
CC(=O)Nc1ccc(cc1)C(=O)CCl,noncarcinogen
CCCNC(=O)NS(=O)(=O)c1ccc(cc1)Cl,noncarcinogen
Nc2nc(C=Cc1ccc(o1)[N+](=O)[O-])no2,carcinogen
COc1ccc6c(c1)[nH]c3c6(CCN4CC5CC(OC(=O)c2cc(OC)c(OC)c(c2)OC)C(OC)C(C(=O)OC)C5(CC34)),carcinogen
O=C(O)CCC(O)=O,noncarcinogen
FC(F)Cl,noncarcinogen
CCN(C#N)N=O,carcinogen
Cc1cc(ccc1(N))Cl,carcinogen
O=C1C=C2C(O)OCC=C2(O1),noncarcinogen
O=NN1CC=CCO1,carcinogen
NCC1(CCCCC1)CC(=O)O,carcinogen
O=C(O)C1C(C(=O)O)C2(C(=C(C1(C2(Cl)Cl)Cl)Cl)Cl)Cl,carcinogen
C=1(C(=C(C(C=1Cl)(Cl)Cl)Cl)Cl)Cl,noncarcinogen
CCCCN(N)CCCC,carcinogen
COc2c3occc3(cc1C=CC(=O)Oc12),carcinogen
O=Cc1ccco1,carcinogen
CCc1cccc2c3CCOC(CC)(CC(=O)O)c3([nH]c12),noncarcinogen
NC(N)=O,noncarcinogen
Cc2cc(Cc1cc(C)cc(c1(O))C(C)(C)C)c(O)c(c2)C(C)(C)C,noncarcinogen
NNC(N)=S,noncarcinogen
C=CCN(CC(C)O)N=O,carcinogen
CC1CC(C)(C)CC(C1)(OOC(C)(C)C)OOC(C)(C)C,noncarcinogen
CCc1ccccc1,carcinogen
OCCNc2nc(nc1ccccc12)c3ccc([N+](=O)[O-])s3,carcinogen
CC1(C)(COC1(=O)),carcinogen
C1CCN(CC1)C(=S)SSSSSSC(N2CCCCC2)=S,noncarcinogen
C=C1C(C)(C)C2(C(C1(C(C2(Cl)Cl)(Cl)Cl)Cl)Cl)Cl,carcinogen
Cc1ccc(cc1)C(=CCN2CCCC2)c3ccccn3,noncarcinogen
c1cc(cc(c1)OCC2CO2)OCC3CO3,carcinogen
CC(C)CC=NN(C)C=O,carcinogen
c1cc(ccc1COCCl)COCCl,carcinogen
CC(=C)C#N,noncarcinogen
CC(O)CN(CC(O)CO)N=O,carcinogen
FC(F)OC(F)(F)C(F)Cl,noncarcinogen
Nc1ccc(cc1)N=Nc2ccc(N)cc2,carcinogen
c1cc(ccc1Cl)Cl,carcinogen
CN(N=O)c1ccc(cc1)[N+](=O)[O-],noncarcinogen
NNc1nc(cs1)c2ccc(cc2)[N+](=O)[O-],carcinogen
O=[N+]([O-])c1ccc(cc1)Oc2ccc(cc2Cl)Cl,carcinogen
S=[Se],carcinogen
OC(CNCCCl)C(O)C(O)C(O)CNCCCl,carcinogen
COCCl,carcinogen
CC1CN(CC(C)N1C(=O)c2ccccc2)N=O,carcinogen
COC34(C(COC(N)=O)C=1C(=O)C(N)=C(C)C(=O)C=1N4(CC2NC23)),carcinogen
CC(CCl)OC(C)CCl,carcinogen
CC1N(N=O)C(C)SC(C)S1,carcinogen
CCBr,carcinogen
C=CC(O)c1ccc(cc1)OC,carcinogen
N#CC(C#N)=Cc1ccccc1Cl,noncarcinogen
O=C(O)CNCC(=O)O,noncarcinogen
CCN(CC)C(=S)SCC(=C)Cl,carcinogen
C(CCCOCCl)CCOCCl,noncarcinogen
OC(=O)c3nn(Cc1ccc(cc1Cl)Cl)c2ccccc23,noncarcinogen
CCCN(CCC)N=O,carcinogen
C(CCl)OCCCl,carcinogen
O=[N+]([O-])c1cc(c(c(c1Cl)Cl)Cl)[N+](=O)[O-],noncarcinogen
FC(F)(F)CCl,carcinogen
O=P1(NCCCl)(OCCCN1(CCCl)),carcinogen
O=Nc1ccc(cc1)Nc2ccccc2,carcinogen
Cc1cc(O)c(cc1Sc2cc(c(O)cc2(C))C(C)(C)C)C(C)(C)C,noncarcinogen
COc1ccc(cc1(OC))C2CC(=O)c3c(O)cc(cc3(O2))OC5OC(COC4OC(C)C(O)C(O)C4(O))C(O)C(O)C5(O),noncarcinogen
Oc1cccc2C(=O)c3cccc(O)c3(C(=O)c12),carcinogen
CC1=CC(=O)CC(C)(C)C1,carcinogen
CC(=O)Nc1nc(cs1)c2ccc(o2)[N+](=O)[O-],carcinogen
CCCCCCC(C)c1cc(cc(c1(OC(=O)C=CC))[N+](=O)[O-])[N+](=O)[O-],noncarcinogen
Cc1ccc(cc1(N))[N+](=O)[O-],carcinogen
NC(CCC(=O)NNc1ccc(cc1)C(=O)O)C(=O)O,carcinogen
C=CC(=O)NCO,carcinogen
COc1ccc(C)cc1(N),carcinogen
Nc1ccc(cc1)S(=O)(=O)c2ccc(N)cc2,carcinogen
CC(=O)CN(CC(C)=O)N=O,carcinogen
COc1cc(ccc1(O))CNC(=O)CCCCC=CC(C)C,carcinogen
CN(C)CCN(Cc1ccco1)c2ccccn2,noncarcinogen
O=S1(=O)(CCCO1),carcinogen
c1ccc3c(c1)[nH]c2ccccc23,carcinogen
CC1=CC(C)(C)N(N=O)c2ccccc12,carcinogen
CCC(c1ccccc1)=C(c2ccccc2)c3ccc(cc3)OCCN(C)C,carcinogen
COP(=O)(OC)OC,carcinogen
CCCCC(CC)COC(=O)CCCCC(=O)OCC(CC)CCCC,carcinogen
O=[N+]([O-])c4ccc(c2nc1ccccc1c(n2)N3CCOCC3)s4,carcinogen
NC(N)=S,carcinogen
CCNNC(=O)C3C(CO)C(O)c1cc4OCOc4(cc1C3(c2cc(OC)c(OC)c(c2)OC)),noncarcinogen
NC(=O)c1ccccc1(C(N)=O),noncarcinogen
C=CC=C,carcinogen
Cc1nc[nH]c1(CSCCNC(=NC#N)N(C)N=O),noncarcinogen
C#CC3(O)(CCC2C4CCC=1CC(=O)CCC=1C4(CCC23(C))),carcinogen
CCCCNC(=O)N(CCCC)N=O,carcinogen
CC(=C)C1CC=C(C)C(=O)C1,noncarcinogen
Cc1cc(C)c(N)cc1(C),carcinogen
CC2CN(N=Cc1ccc(o1)[N+](=O)[O-])C(=O)N2,carcinogen
CCNC(=O)Nc1ncc([N+](=O)[O-])s1,carcinogen
O=C(O)COc1cc(c(cc1Cl)Cl)Cl,noncarcinogen
CCCCC2C(=O)N(c1ccccc1)N(C2(=O))c3ccccc3,carcinogen
FC(F)OC(C(F)(F)F)Cl,noncarcinogen
Cc1ccccc1(N=O),carcinogen
C1CCOC1,carcinogen
C(Cl)(Cl)Br,carcinogen
C=CCN(N)CC=C,carcinogen
CCOC(C=C)OCC,noncarcinogen
Cc1ccc(cc1(N))Cl,carcinogen
C(#CCl)Cl,carcinogen
O=C1CN(CC2c3ccccc3(CCN12))C(=O)C4CCCCC4,noncarcinogen
NC(=O)CCCCC(N)=O,noncarcinogen
C=CC,noncarcinogen
Oc1ccc(cc1)C3(OC(=O)c2ccccc23)(c4ccc(O)cc4),carcinogen
NC(=O)N(CCO)N=O,carcinogen
CCN(CC)C(=S)SSC(N(CC)CC)=S,noncarcinogen
CCN(N=O)C(=O)NCCO,carcinogen
NC(CCC(=O)O)C(=O)O,noncarcinogen
OCC(O)C(O)C(O)C(O)COC1OC(CO)C(O)C(O)C1(O),noncarcinogen
Nc1ccc(O)c(c1)[N+](=O)[O-],carcinogen
C=CC(O)=O,noncarcinogen
CN(N=O)C(=O)Nc2nc1ccccc1s2,carcinogen
NC=1N=CN(C(=O)N=1)C2OC(CO)C(O)C2(O),carcinogen
Oc1ccc(cc1)[N+](=O)[O-],noncarcinogen
Nc1ccc(cc1(O))c2ccccc2,carcinogen
CCc2nc(N)nc(N)c2(c1ccc(cc1)Cl),noncarcinogen
CC=C(C)C(=O)OC1CCN2CC=C(COC(=O)C(O)(C(C)OC)C(C)(C)O)C12,carcinogen
COP(=O)(OC)OC(=CCl)c1cc(c(cc1Cl)Cl)Cl,carcinogen
Nc1ncc([N+](=O)[O-])s1,carcinogen
CC(C)Oc1ccccc1(OC(=O)N(C)N=O),carcinogen
Cc1ccc(O)c(O)c1,carcinogen
Nc1ccc(cc1)Oc2ccc(cc2)Cl,carcinogen
CCCCCCC(=O)C=CCCCCCCCCC(=O)OC,noncarcinogen
C1C2C5OC5(C1C3C2C4(C(=C(C3(C4(Cl)Cl)Cl)Cl)Cl)Cl),carcinogen
O=P(OCC(CBr)Br)(OCC(CBr)Br)OCC(CBr)Br,carcinogen
Cc1cccc(C)c1(N),carcinogen
CC(C)CN(N=O)C(N)=O,carcinogen
CCc1cc(ccn1)C(N)=S,noncarcinogen
O=C1CCCCCN1,noncarcinogen
O=NN1CCOC(O)C1,carcinogen
CCCCNC(=O)NS(=O)(=O)c1ccc(C)cc1,noncarcinogen
CCCCN(N)C=O,carcinogen
c1c2Oc3cc(c(cc3(Oc2(cc(c1Cl)Cl)))Cl)Cl,carcinogen
CC3(C)(C(C(=O)[O-])N2C(=O)C(NC(=O)COc1ccccc1)C2S3),noncarcinogen
COc1ccc(cc1)C(c2ccc(cc2)OC)=C(c3ccc(cc3)OC)Cl,noncarcinogen
OCCO,noncarcinogen
CN(CCCO)N=O,carcinogen
CC1CC=CC=CC=CC=CC(CC3OC(O)(CC(O)CC2OC2(C=CC(=O)O1))CC(O)C3(C(O)=O))OC4OC(C)C(O)C(N)C4(O),noncarcinogen
C(Cl)(Br)Br,carcinogen
[Se],noncarcinogen
COc3cc1OC5OC=CC5(c1c4OC(=O)C=2C(O)CCC=2c34),carcinogen
CCC3(O)(CN2CCc1c9ccccc9([nH]c1C(CC(C2)C3)(C(=O)OC)c4cc5c(cc4(OC))N(C)C8C(O)(C(=O)OC)C(OC(C)=O)C7(CC)(C=CCN6CCC58(C67)))),noncarcinogen
